{
	"info": {
		"_postman_id": "891a6c94-398a-4bfd-9035-df0e96671e1e",
		"name": "admin_service",
		"schema": "https://schema.getpostman.com/json/collection/v2.1.0/collection.json",
		"_exporter_id": "21887351"
	},
	"item": [
		{
			"name": "user",
			"item": [
				{
					"name": "create user",
					"request": {
						"method": "POST",
						"header": [],
						"body": {
							"mode": "raw",
							"raw": "{\r\n  \"name_p\": \"JHAROL2\",\r\n  \"name_s\": \"GIOVANNY2\",\r\n  \"lastname_m\": \"ROJAS2\",\r\n  \"lastname_p\": \"ROJAS2\",\r\n  \"number_document\": \"12345678\",\r\n  \"type_document_id\": 1,\r\n  \"email\": \"jharol2@gmail.com\",\r\n  \"gender_id\": 1,\r\n  \"number_phone_1\": \"123456789\",\r\n  \"number_phone_2\": \"987654321\",\r\n  \"address\": \"123 Calle Falsa\",\r\n  \"birthdate\": \"1990-01-01\",\r\n  \"salary\": 3000.50,\r\n  \"level_id\": 1,\r\n  \"rol_id\": 1,\r\n  \"password\": \"Jharol.512\"\r\n}\r\n",
							"options": {
								"raw": {
									"language": "json"
								}
							}
						},
						"url": {
							"raw": "{{url}}/user",
							"host": [
								"{{url}}"
							],
							"path": [
								"user"
							]
						}
					},
					"response": []
				},
				{
					"name": "find user by id",
					"request": {
						"method": "GET",
						"header": [],
						"url": {
							"raw": "{{url}}/user/4",
							"host": [
								"{{url}}"
							],
							"path": [
								"user",
								"4"
							]
						}
					},
					"response": []
				},
				{
					"name": "update user by id",
					"request": {
						"method": "PUT",
						"header": [],
						"body": {
							"mode": "raw",
							"raw": "{\r\n//   \"name_p\": \"JHAROL\",\r\n//   \"name_s\": \"GIOVANNY\",\r\n//   \"lastname_m\": \"ROJAS\",\r\n//   \"lastname_p\": \"ROJAS\",\r\n//   \"number_document\": \"12345678\",\r\n  \"type_document_id\": 1,\r\n//   \"email\": \"jharol2@gmail.com\",\r\n//   \"gender_id\": 1,\r\n//   \"number_phone_1\": \"123456789\",\r\n//   \"number_phone_2\": \"987654321\",\r\n//   \"address\": \"123 Calle Falsa\",\r\n//   \"birthdate\": \"1990-01-01\",\r\n//   \"salary\": 3000.50,\r\n  \"level_id\": 1\r\n//   \"rol_id\": 1,\r\n}\r\n",
							"options": {
								"raw": {
									"language": "json"
								}
							}
						},
						"url": {
							"raw": "{{url}}/user/1",
							"host": [
								"{{url}}"
							],
							"path": [
								"user",
								"1"
							]
						}
					},
					"response": []
				},
				{
					"name": "get users",
					"protocolProfileBehavior": {
						"disableBodyPruning": true
					},
					"request": {
						"method": "GET",
						"header": [],
						"body": {
							"mode": "raw",
							"raw": "{\r\n    \r\n}",
							"options": {
								"raw": {
									"language": "json"
								}
							}
						},
						"url": {
							"raw": "{{url}}/user?page=1&limit=10&order=desc&rol=1&search=jha",
							"host": [
								"{{url}}"
							],
							"path": [
								"user"
							],
							"query": [
								{
									"key": "page",
									"value": "1"
								},
								{
									"key": "limit",
									"value": "10"
								},
								{
									"key": "order",
									"value": "desc"
								},
								{
									"key": "rol",
									"value": "1"
								},
								{
									"key": "search",
									"value": "jha"
								}
							]
						}
					},
					"response": []
				},
				{
					"name": "toggle user",
					"request": {
						"method": "DELETE",
						"header": [],
						"body": {
							"mode": "raw",
							"raw": "{\"state\":false}",
							"options": {
								"raw": {
									"language": "json"
								}
							}
						},
						"url": {
							"raw": "{{url}}/user/1",
							"host": [
								"{{url}}"
							],
							"path": [
								"user",
								"1"
							]
						}
					},
					"response": []
				}
			]
		},
		{
			"name": "ticket",
			"item": [
				{
					"name": "create ticket",
					"request": {
						"method": "POST",
						"header": [],
						"body": {
							"mode": "raw",
							"raw": "{\r\n  \"client_id\": \"12345\",\r\n  \"service_id\": 1,\r\n  \"technical_id\": 2,\r\n  \"hour\": \"14:30\",\r\n  \"date\": \"2024-07-15\",\r\n  \"how_long\": \"2 horas\",\r\n  \"service_status_id\": 1,\r\n  \"amount\": 150.00,\r\n  \"status_payment_id\": 2,\r\n  \"type_payment_id\": 1\r\n}\r\n",
							"options": {
								"raw": {
									"language": "json"
								}
							}
						},
						"url": {
							"raw": "{{url}}/ticket",
							"host": [
								"{{url}}"
							],
							"path": [
								"ticket"
							]
						}
					},
					"response": []
				},
				{
					"name": "find ticket by id",
					"request": {
						"method": "GET",
						"header": [],
						"url": {
							"raw": "{{url}}/ticket/1",
							"host": [
								"{{url}}"
							],
							"path": [
								"ticket",
								"1"
							]
						}
					},
					"response": []
				},
				{
					"name": "update ticket by id",
					"request": {
						"method": "PUT",
						"header": [],
						"body": {
							"mode": "raw",
							"raw": "{\r\n  \"client_id\": 1,\r\n  \"service_id\": 3,\r\n  \"technical_id\": 1,\r\n  \"hour\": \"14:30\",\r\n  \"date\": \"2024-07-15\",\r\n  \"how_long\": \"2 horas\",\r\n  \"service_status_id\": 1,\r\n  \"amount\": 1050.00,\r\n  \"status_payment_id\": 2,\r\n  \"type_payment_id\": 1\r\n}\r\n",
							"options": {
								"raw": {
									"language": "json"
								}
							}
						},
						"url": {
							"raw": "{{url}}/ticket/1",
							"host": [
								"{{url}}"
							],
							"path": [
								"ticket",
								"1"
							]
						}
					},
					"response": []
				},
				{
					"name": "get tickets",
					"protocolProfileBehavior": {
						"disableBodyPruning": true
					},
					"request": {
						"method": "GET",
						"header": [],
						"body": {
							"mode": "raw",
							"raw": "{\r\n    \r\n}",
							"options": {
								"raw": {
									"language": "json"
								}
							}
						},
						"url": {
							"raw": "{{url}}/ticket?page=1&limit=10&order=desc&search=",
							"host": [
								"{{url}}"
							],
							"path": [
								"ticket"
							],
							"query": [
								{
									"key": "page",
									"value": "1"
								},
								{
									"key": "limit",
									"value": "10"
								},
								{
									"key": "order",
									"value": "desc"
								},
								{
									"key": "search",
									"value": ""
								}
							]
						}
					},
					"response": []
				},
				{
					"name": "toggle ticket",
					"request": {
						"method": "DELETE",
						"header": [],
						"body": {
							"mode": "raw",
							"raw": "{\"status\":false}",
							"options": {
								"raw": {
									"language": "json"
								}
							}
						},
						"url": {
							"raw": "{{url}}/ticket/1",
							"host": [
								"{{url}}"
							],
							"path": [
								"ticket",
								"1"
							]
						}
					},
					"response": []
				}
			]
		},
		{
			"name": "expense",
			"item": [
				{
					"name": "create expense",
					"request": {
						"method": "POST",
						"header": [],
						"body": {
							"mode": "raw",
							"raw": "{\r\n  \"type_coin_id\": 1,\r\n  \"type_expense_id\": 2,\r\n  \"type_payment_id\": 3,\r\n  \"expense_for_id\": 4,\r\n  \"amount\": \"150.00\",\r\n  \"description\": \"Compra de materiales de oficina\"\r\n}\r\n",
							"options": {
								"raw": {
									"language": "json"
								}
							}
						},
						"url": {
							"raw": "{{url}}/expense",
							"host": [
								"{{url}}"
							],
							"path": [
								"expense"
							]
						}
					},
					"response": []
				},
				{
					"name": "find expense by id",
					"request": {
						"method": "GET",
						"header": [],
						"url": {
							"raw": "{{url}}/expense/4",
							"host": [
								"{{url}}"
							],
							"path": [
								"expense",
								"4"
							]
						}
					},
					"response": []
				},
				{
					"name": "update expense by id",
					"request": {
						"method": "PUT",
						"header": [],
						"body": {
							"mode": "raw",
							"raw": "{\r\n  \"type_coin_id\": 2,\r\n  \"type_expense_id\": 3,\r\n  \"type_payment_id\": 4,\r\n  \"expense_for_id\": 5,\r\n  \"amount\": \"1540.00\",\r\n  \"description\": \"Comprdda de materiales de oficina\"\r\n}\r\n",
							"options": {
								"raw": {
									"language": "json"
								}
							}
						},
						"url": {
							"raw": "{{url}}/expense/1",
							"host": [
								"{{url}}"
							],
							"path": [
								"expense",
								"1"
							]
						}
					},
					"response": []
				},
				{
					"name": "get expenses",
					"protocolProfileBehavior": {
						"disableBodyPruning": true
					},
					"request": {
						"method": "GET",
						"header": [],
						"body": {
							"mode": "raw",
							"raw": "{\r\n    \r\n}",
							"options": {
								"raw": {
									"language": "json"
								}
							}
						},
						"url": {
							"raw": "{{url}}/expense?page=1&limit=10&order=desc&rol=1&search=",
							"host": [
								"{{url}}"
							],
							"path": [
								"expense"
							],
							"query": [
								{
									"key": "page",
									"value": "1"
								},
								{
									"key": "limit",
									"value": "10"
								},
								{
									"key": "order",
									"value": "desc"
								},
								{
									"key": "rol",
									"value": "1"
								},
								{
									"key": "search",
									"value": ""
								}
							]
						}
					},
					"response": []
				},
				{
					"name": "toggle expense",
					"request": {
						"method": "DELETE",
						"header": [],
						"body": {
							"mode": "raw",
							"raw": "{\"status\":false}",
							"options": {
								"raw": {
									"language": "json"
								}
							}
						},
						"url": {
							"raw": "{{url}}/expense/4",
							"host": [
								"{{url}}"
							],
							"path": [
								"expense",
								"4"
							]
						}
					},
					"response": []
				}
			]
		},
		{
			"name": "service",
			"item": [
				{
					"name": "create service",
					"request": {
						"method": "POST",
						"header": [],
						"body": {
							"mode": "raw",
							"raw": "{\r\n \"name\":\"servicio2\",\r\n \"level_id\":1,\r\n \"description\":\"este es el segundo servicio de prueba\"\r\n}\r\n",
							"options": {
								"raw": {
									"language": "json"
								}
							}
						},
						"url": {
							"raw": "{{url}}/service",
							"host": [
								"{{url}}"
							],
							"path": [
								"service"
							]
						}
					},
					"response": []
				},
				{
					"name": "find service by id",
					"request": {
						"method": "GET",
						"header": [],
						"url": {
							"raw": "{{url}}/service/1",
							"host": [
								"{{url}}"
							],
							"path": [
								"service",
								"1"
							]
						}
					},
					"response": []
				},
				{
					"name": "update service by id",
					"request": {
						"method": "PUT",
						"header": [],
						"body": {
							"mode": "raw",
							"raw": "{\r\n \"name\":\"servicio11\",\r\n \"level_id\":2,\r\n \"description\":\"este es el 111 servicio de prueba\"\r\n}",
							"options": {
								"raw": {
									"language": "json"
								}
							}
						},
						"url": {
							"raw": "{{url}}/service/1",
							"host": [
								"{{url}}"
							],
							"path": [
								"service",
								"1"
							]
						}
					},
					"response": []
				},
				{
					"name": "get service",
					"protocolProfileBehavior": {
						"disableBodyPruning": true
					},
					"request": {
						"method": "GET",
						"header": [],
						"body": {
							"mode": "raw",
							"raw": "{\r\n    \r\n}",
							"options": {
								"raw": {
									"language": "json"
								}
							}
						},
						"url": {
							"raw": "{{url}}/service?page=1&limit=10&order=desc",
							"host": [
								"{{url}}"
							],
							"path": [
								"service"
							],
							"query": [
								{
									"key": "page",
									"value": "1"
								},
								{
									"key": "limit",
									"value": "10"
								},
								{
									"key": "order",
									"value": "desc"
								}
							]
						}
					},
					"response": []
				},
				{
					"name": "toggle service",
					"request": {
						"method": "DELETE",
						"header": [],
						"body": {
							"mode": "raw",
							"raw": "{\"status\":true}",
							"options": {
								"raw": {
									"language": "json"
								}
							}
						},
						"url": {
							"raw": "{{url}}/service/1",
							"host": [
								"{{url}}"
							],
							"path": [
								"service",
								"1"
							]
						}
					},
					"response": []
				}
			]
		},
		{
			"name": "client",
			"item": [
				{
					"name": "create client",
					"request": {
						"method": "POST",
						"header": [],
						"body": {
							"mode": "raw",
							"raw": "{\r\n  \"name_p\": \"jharol\",\r\n  \"name_s\": \"Carlos\",\r\n  \"lastname_m\": \"Gonzalez\",\r\n  \"lastname_p\": \"Perez\",\r\n  \"number_document\": \"12345679\",\r\n  \"type_document_id\": 1,\r\n  \"email\": \"juan.perez@example.com\",\r\n  \"gender_id\": 1,\r\n  \"number_phone_1\": \"987654321\",\r\n  \"number_phone_2\": \"123456789\",\r\n  \"address\": \"Calle Falsa 123\",\r\n  \"birthdate\": \"1990-05-20\",\r\n  \"rol_id\":1\r\n\r\n}\r\n",
							"options": {
								"raw": {
									"language": "json"
								}
							}
						},
						"url": {
							"raw": "{{url}}/client",
							"host": [
								"{{url}}"
							],
							"path": [
								"client"
							]
						}
					},
					"response": []
				},
				{
					"name": "find client by id",
					"request": {
						"method": "GET",
						"header": [],
						"url": {
							"raw": "{{url}}/client/1",
							"host": [
								"{{url}}"
							],
							"path": [
								"client",
								"1"
							]
						}
					},
					"response": []
				},
				{
					"name": "update client by id",
					"request": {
						"method": "PUT",
						"header": [],
						"body": {
							"mode": "raw",
							"raw": "{\r\n  \"name_p\": \"jharo1232222l\",\r\n  \"name_s\": \"Carlo1s\",\r\n  \"lastname_m\": \"Gon1zalez\",\r\n  \"lastname_p\": \"Per1ez\",\r\n  \"number_document\": \"12345677\",\r\n  \"type_document_id\": 1,\r\n  \"email\": \"juan.pere5z@example.com\",\r\n  \"gender_id\": 1,\r\n  \"number_phone_1\": \"111654321\",\r\n  \"number_phone_2\": \"11456789\",\r\n  \"address\": \"Calle Fal1sa 123\",\r\n  \"birthdate\": \"1990-05-21\"\r\n\r\n}\r\n",
							"options": {
								"raw": {
									"language": "json"
								}
							}
						},
						"url": {
							"raw": "{{url}}/client/1",
							"host": [
								"{{url}}"
							],
							"path": [
								"client",
								"1"
							]
						}
					},
					"response": []
				},
				{
					"name": "get client",
					"protocolProfileBehavior": {
						"disableBodyPruning": true
					},
					"request": {
						"method": "GET",
						"header": [],
						"body": {
							"mode": "raw",
							"raw": "{\r\n    \r\n}",
							"options": {
								"raw": {
									"language": "json"
								}
							}
						},
						"url": {
							"raw": "{{url}}/client?page=1&limit=10&order=desc&&search=",
							"host": [
								"{{url}}"
							],
							"path": [
								"client"
							],
							"query": [
								{
									"key": "page",
									"value": "1"
								},
								{
									"key": "limit",
									"value": "10"
								},
								{
									"key": "order",
									"value": "desc"
								},
								{
									"key": null,
									"value": null
								},
								{
									"key": "search",
									"value": ""
								}
							]
						}
					},
					"response": []
				},
				{
					"name": "toggle client",
					"request": {
						"method": "DELETE",
						"header": [],
						"body": {
							"mode": "raw",
							"raw": "{\"status\":false}",
							"options": {
								"raw": {
									"language": "json"
								}
							}
						},
						"url": {
							"raw": "{{url}}/client/1",
							"host": [
								"{{url}}"
							],
							"path": [
								"client",
								"1"
							]
						}
					},
					"response": []
				}
			]
		},
		{
			"name": "login",
			"request": {
				"method": "POST",
				"header": [],
				"body": {
					"mode": "raw",
					"raw": "{\r\n    \"email\": \"jharol@gmail.com\",\r\n    \"password\": \"Jharol.512\"\r\n}",
					"options": {
						"raw": {
							"language": "json"
						}
					}
				},
				"url": {
					"raw": "http://localhost:4001/api/login/signin",
					"protocol": "http",
					"host": [
						"localhost"
					],
					"port": "4001",
					"path": [
						"api",
						"login",
						"signin"
					]
				}
			},
			"response": []
		}
	],
	"auth": {
		"type": "bearer",
		"bearer": [
			{
				"key": "token",
				"value": "eyJhbGciOiJIUzI1NiIsInR5cCI6IkpXVCJ9.eyJfaWQiOiJlMWFiYmM1NC00MzJjLTRkY2UtYWQwNC04YzM1ZTcyMTY4ZTIiLCJ1c2VySWQiOjEsInJvbCI6IjEiLCJpYXQiOjE3MjA3ODUzMDksImV4cCI6MTcyMDg3MTcwOX0.GLOw5nAm1839cQdyc9lk6gb8myuf6me17-cl3St_0EU",
				"type": "string"
			}
		]
	},
	"event": [
		{
			"listen": "prerequest",
			"script": {
				"type": "text/javascript",
				"exec": [
					""
				]
			}
		},
		{
			"listen": "test",
			"script": {
				"type": "text/javascript",
				"exec": [
					""
				]
			}
		}
	],
	"variable": [
		{
			"key": "url",
			"value": "http://localhost:4001/api",
			"type": "string"
		}
	]
}